cohort_code,modality,platform,n_samples,n_expression_files,n_files_local,expression_file_status,source_expressions,mapped_features,unique_canonical_genes,enters_core_gene_space
GIDE,bulk RNA-seq,NOT_MEASURED,91,1,1,LOCAL_SOURCE_PRESENT,GIDE_bulk,19720,19682,True
GSE111014,scRNA-seq,NOT_MEASURED,12,1,1,LOCAL_SOURCE_PRESENT,GSE111014_pseudobulk,22536,22423,True
GSE111636,bulk RNA-seq,NOT_MEASURED,1,1,0,SOURCE_NOT_LOCAL,,0,0,False
GSE114403,bulk RNA-seq,NOT_MEASURED,1,1,0,SOURCE_NOT_LOCAL,,0,0,False
GSE116256,scRNA-seq,NOT_MEASURED,36,1,1,LOCAL_SOURCE_PRESENT,GSE116256_pseudobulk,25935,25850,True
GSE116481,bulk RNA-seq,NOT_MEASURED,1,0,0,SOURCE_NOT_LOCAL,,0,0,False
GSE120575,scRNA-seq,NOT_MEASURED,43,0,0,SOURCE_NOT_LOCAL,,0,0,False
GSE123813,bulk RNA-seq,NOT_MEASURED,1,0,0,SOURCE_NOT_LOCAL,,0,0,False
GSE123813_BCC,scRNA-seq,NOT_MEASURED,22,1,1,LOCAL_SOURCE_PRESENT,GSE123813_BCC_pseudobulk,18800,18763,True
GSE123813_SCC,scRNA-seq,NOT_MEASURED,8,1,1,LOCAL_SOURCE_PRESENT,GSE123813_SCC_pseudobulk,15650,15629,True
GSE123845,bulk RNA-seq,NOT_MEASURED,1,0,0,SOURCE_NOT_LOCAL,,0,0,False
GSE124899,bulk RNA-seq,NOT_MEASURED,1,0,0,SOURCE_NOT_LOCAL,,0,0,False
GSE126044,bulk RNA-seq,NOT_MEASURED,1,0,0,SOURCE_NOT_LOCAL,,0,0,False
GSE129492,bulk RNA-seq,NOT_MEASURED,1,0,0,SOURCE_NOT_LOCAL,,0,0,False
GSE130157,bulk RNA-seq,NOT_MEASURED,1,0,0,SOURCE_NOT_LOCAL,,0,0,False
GSE130756,bulk RNA-seq,NOT_MEASURED,1,0,0,SOURCE_NOT_LOCAL,,0,0,False
GSE135222,bulk RNA-seq,NOT_MEASURED,1,0,0,SOURCE_NOT_LOCAL,,0,0,False
GSE139533,bulk RNA-seq,NOT_MEASURED,56,1,1,LOCAL_SOURCE_PRESENT,GSE139533_bulk,18435,18425,True
GSE143317,bulk RNA-seq,NOT_MEASURED,1,0,0,SOURCE_NOT_LOCAL,,0,0,False
GSE145281,scRNA-seq,NOT_MEASURED,14,0,0,SOURCE_NOT_LOCAL,,0,0,False
GSE147989,bulk RNA-seq,NOT_MEASURED,1,0,0,SOURCE_NOT_LOCAL,,0,0,False
GSE148218,bulk RNA-seq,NOT_MEASURED,1,0,0,SOURCE_NOT_LOCAL,,0,0,False
GSE152469,scRNA-seq,NOT_MEASURED,3,1,1,LOCAL_SOURCE_PRESENT,GSE152469_pseudobulk,22503,22423,True
GSE153319,bulk RNA-seq,NOT_MEASURED,1,0,0,SOURCE_NOT_LOCAL,,0,0,False
GSE154392,scRNA-seq,NOT_MEASURED,12,0,0,SOURCE_NOT_LOCAL,,0,0,False
GSE155953,bulk RNA-seq,NOT_MEASURED,1,0,0,SOURCE_NOT_LOCAL,,0,0,False
GSE158722,bulk RNA-seq,NOT_MEASURED,1,0,0,SOURCE_NOT_LOCAL,,0,0,False
GSE159251,bulk RNA-seq,NOT_MEASURED,1,0,0,SOURCE_NOT_LOCAL,,0,0,False
GSE161195,bulk RNA-seq,NOT_MEASURED,1,0,0,SOURCE_NOT_LOCAL,,0,0,False
GSE161801,bulk RNA-seq,NOT_MEASURED,1,0,0,SOURCE_NOT_LOCAL,,0,0,False
GSE163882,bulk RNA-seq,NOT_MEASURED,1,0,0,SOURCE_NOT_LOCAL,,0,0,False
GSE164237,bulk RNA-seq,NOT_MEASURED,1,0,0,SOURCE_NOT_LOCAL,,0,0,False
GSE165087,bulk RNA-seq,NOT_MEASURED,1,0,0,SOURCE_NOT_LOCAL,,0,0,False
GSE165897,scRNA-seq,NOT_MEASURED,22,1,1,LOCAL_SOURCE_PRESENT,GSE165897_pseudobulk,23209,23154,True
GSE166345,bulk RNA-seq,NOT_MEASURED,1,0,0,SOURCE_NOT_LOCAL,,0,0,False
GSE169246,bulk RNA-seq,NOT_MEASURED,1,0,0,SOURCE_NOT_LOCAL,,0,0,False
GSE173839,bulk RNA-seq,NOT_MEASURED,1,1,0,SOURCE_NOT_LOCAL,,0,0,False
GSE174554,bulk RNA-seq,NOT_MEASURED,1,0,0,SOURCE_NOT_LOCAL,,0,0,False
GSE174554,snRNA-seq,NOT_MEASURED,66,0,0,SOURCE_NOT_LOCAL,,0,0,False
GSE174554,spatial,NOT_MEASURED,7,0,0,SOURCE_NOT_LOCAL,,0,0,False
GSE175480,bulk RNA-seq,NOT_MEASURED,1,0,0,SOURCE_NOT_LOCAL,,0,0,False
GSE178882,bulk RNA-seq,NOT_MEASURED,1,0,0,SOURCE_NOT_LOCAL,,0,0,False
GSE179994,scRNA-seq,NOT_MEASURED,44,0,0,SOURCE_NOT_LOCAL,,0,0,False
GSE180286,bulk RNA-seq,NOT_MEASURED,5,0,0,SOURCE_NOT_LOCAL,,0,0,False
GSE18728,microarray,GPL570,61,1,1,LOCAL_SOURCE_PRESENT,GSE18728_array,42232,19931,True
GSE187438,bulk RNA-seq,NOT_MEASURED,1,0,0,SOURCE_NOT_LOCAL,,0,0,False
GSE188620,bulk RNA-seq,NOT_MEASURED,1,0,0,SOURCE_NOT_LOCAL,,0,0,False
GSE189926,scRNA-seq,NOT_MEASURED,21,0,0,SOURCE_NOT_LOCAL,,0,0,False
GSE193220,bulk RNA-seq,NOT_MEASURED,1,0,0,SOURCE_NOT_LOCAL,,0,0,False
GSE194040,bulk RNA-seq,NOT_MEASURED,987,1,0,SOURCE_NOT_LOCAL,,0,0,False
GSE195471,scRNA-seq,NOT_MEASURED,22,0,0,SOURCE_NOT_LOCAL,,0,0,False
GSE195525,bulk RNA-seq,NOT_MEASURED,1,0,0,SOURCE_NOT_LOCAL,,0,0,False
GSE195832,bulk RNA-seq,NOT_MEASURED,1,0,0,SOURCE_NOT_LOCAL,,0,0,False
GSE197268,bulk RNA-seq,NOT_MEASURED,1,0,0,SOURCE_NOT_LOCAL,,0,0,False
GSE198141,bulk RNA-seq,NOT_MEASURED,1,0,0,SOURCE_NOT_LOCAL,,0,0,False
GSE199333,bulk RNA-seq,NOT_MEASURED,1,0,0,SOURCE_NOT_LOCAL,,0,0,False
GSE199359,bulk RNA-seq,NOT_MEASURED,1,0,0,SOURCE_NOT_LOCAL,,0,0,False
GSE200996,bulk RNA-seq,NOT_MEASURED,1,0,0,SOURCE_NOT_LOCAL,,0,0,False
GSE201047,bulk RNA-seq,NOT_MEASURED,1,0,0,SOURCE_NOT_LOCAL,,0,0,False
GSE20181,microarray,GPL96,176,1,1,LOCAL_SOURCE_PRESENT,GSE20181_array,20048,12515,True
GSE20194,bulk RNA-seq,NOT_MEASURED,1,1,0,SOURCE_NOT_LOCAL,,0,0,False
GSE202051,bulk RNA-seq,NOT_MEASURED,1,0,0,SOURCE_NOT_LOCAL,,0,0,False
GSE205506,bulk RNA-seq,NOT_MEASURED,1,0,0,SOURCE_NOT_LOCAL,,0,0,False
GSE207356,bulk RNA-seq,NOT_MEASURED,1,0,0,SOURCE_NOT_LOCAL,,0,0,False
GSE207422,bulk RNA-seq,NOT_MEASURED,24,1,1,LOCAL_SOURCE_PRESENT,GSE207422_bulk,34965,34848,True
GSE207422,scRNA-seq,NOT_MEASURED,15,1,1,LOCAL_SOURCE_PRESENT,GSE207422_bulk,34965,34848,True
GSE210079,bulk RNA-seq,NOT_MEASURED,1,0,0,SOURCE_NOT_LOCAL,,0,0,False
GSE211504,scRNA-seq,NOT_MEASURED,8,0,0,SOURCE_NOT_LOCAL,,0,0,False
GSE212217,bulk RNA-seq,NOT_MEASURED,1,0,0,SOURCE_NOT_LOCAL,,0,0,False
GSE213243,bulk RNA-seq,NOT_MEASURED,1,0,0,SOURCE_NOT_LOCAL,,0,0,False
GSE216329,bulk RNA-seq,NOT_MEASURED,1,0,0,SOURCE_NOT_LOCAL,,0,0,False
GSE217245,bulk RNA-seq,NOT_MEASURED,1,0,0,SOURCE_NOT_LOCAL,,0,0,False
GSE22093,bulk RNA-seq,NOT_MEASURED,1,1,0,SOURCE_NOT_LOCAL,,0,0,False
GSE221553,bulk RNA-seq,NOT_MEASURED,1,0,0,SOURCE_NOT_LOCAL,,0,0,False
GSE222556,bulk RNA-seq,NOT_MEASURED,1,0,0,SOURCE_NOT_LOCAL,,0,0,False
GSE225689,bulk RNA-seq,NOT_MEASURED,1,0,0,SOURCE_NOT_LOCAL,,0,0,False
GSE226335,bulk RNA-seq,NOT_MEASURED,1,0,0,SOURCE_NOT_LOCAL,,0,0,False
GSE227001,bulk RNA-seq,NOT_MEASURED,1,0,0,SOURCE_NOT_LOCAL,,0,0,False
GSE227122,bulk RNA-seq,NOT_MEASURED,1,0,0,SOURCE_NOT_LOCAL,,0,0,False
GSE227903,scRNA-seq,NOT_MEASURED,28,0,0,SOURCE_NOT_LOCAL,,0,0,False
GSE228279,bulk RNA-seq,NOT_MEASURED,1,0,0,SOURCE_NOT_LOCAL,,0,0,False
GSE229908,bulk RNA-seq,NOT_MEASURED,1,0,0,SOURCE_NOT_LOCAL,,0,0,False
GSE232525,bulk RNA-seq,NOT_MEASURED,1,0,0,SOURCE_NOT_LOCAL,,0,0,False
GSE234261,bulk RNA-seq,NOT_MEASURED,1,0,0,SOURCE_NOT_LOCAL,,0,0,False
GSE235863,scRNA-seq,NOT_MEASURED,60,0,0,SOURCE_NOT_LOCAL,,0,0,False
GSE237579,bulk RNA-seq,NOT_MEASURED,1,0,0,SOURCE_NOT_LOCAL,,0,0,False
GSE23988,bulk RNA-seq,NOT_MEASURED,1,1,0,SOURCE_NOT_LOCAL,,0,0,False
GSE242790,bulk RNA-seq,NOT_MEASURED,1,0,0,SOURCE_NOT_LOCAL,,0,0,False
GSE244663,bulk RNA-seq,NOT_MEASURED,1,0,0,SOURCE_NOT_LOCAL,,0,0,False
GSE244739,scRNA-seq,NOT_MEASURED,14,0,0,SOURCE_NOT_LOCAL,,0,0,False
GSE246613,bulk RNA-seq,NOT_MEASURED,1,0,0,SOURCE_NOT_LOCAL,,0,0,False
GSE248401,bulk RNA-seq,NOT_MEASURED,1,0,0,SOURCE_NOT_LOCAL,,0,0,False
GSE264586,scRNA-seq,NOT_MEASURED,19,0,0,SOURCE_NOT_LOCAL,,0,0,False
GSE268903,bulk RNA-seq,NOT_MEASURED,1,0,0,SOURCE_NOT_LOCAL,,0,0,False
GSE310856,bulk RNA-seq,NOT_MEASURED,33,1,1,LOCAL_SOURCE_PRESENT,GSE310856_bulk,39479,39362,True
GSE319641,bulk RNA-seq,unspecified_author_ComBat_TPM,401,1,1,LOCAL_SOURCE_PRESENT,GSE319641_bulk,23889,23884,True
GSE319794,bulk RNA-seq,NOT_MEASURED,41,1,1,LOCAL_SOURCE_PRESENT,GSE319794_bulk,18811,18800,True
GSE3578,microarray,GPL2895,78,1,1,LOCAL_SOURCE_PRESENT,GSE3578_array,23841,18423,False
GSE41998,microarray,NOT_MEASURED,1,1,0,SOURCE_NOT_LOCAL,,0,0,False
GSE42822,bulk RNA-seq,NOT_MEASURED,1,1,0,SOURCE_NOT_LOCAL,,0,0,False
GSE50948,bulk RNA-seq,NOT_MEASURED,1,1,0,SOURCE_NOT_LOCAL,,0,0,False
GSE5462,microarray,NOT_MEASURED,116,1,0,SOURCE_NOT_LOCAL,,0,0,False
GSE55374,microarray,GPL10558,36,1,1,LOCAL_SOURCE_PRESENT,GSE55374_array,31058,20550,True
GSE65303,microarray,GPL16876,18,1,1,LOCAL_SOURCE_PRESENT,GSE65303_array,30137,18745,True
GSE67501,bulk RNA-seq,NOT_MEASURED,1,1,0,SOURCE_NOT_LOCAL,,0,0,False
GSE78220,bulk RNA-seq,NOT_MEASURED,27,0,0,SOURCE_NOT_LOCAL,,0,0,False
GSE87455,microarray,GPL10558,275,1,1,LOCAL_SOURCE_PRESENT,GSE87455_array,31058,20550,True
GSE91061,bulk RNA-seq,NOT_MEASURED,108,1,1,LOCAL_SOURCE_PRESENT,GSE91061_bulk,21813,21813,True
GSE93157,bulk RNA-seq,NOT_MEASURED,1,1,0,SOURCE_NOT_LOCAL,,0,0,False
ISPY1_GSE32603,two-channel microarray,GPL14668,248,1,0,SOURCE_NOT_LOCAL,,0,0,False
MGH,bulk RNA-seq,NOT_MEASURED,57,2,2,LOCAL_SOURCE_PRESENT,MGH_GSE115821_bulk|MGH_GSE168204_bulk,42069,21023,False
MORRISON_038,bulk RNA-seq,NOT_MEASURED,98,1,1,LOCAL_SOURCE_PRESENT,MORRISON_bulk,21070,21050,True
MORRISON_064,bulk RNA-seq,NOT_MEASURED,55,1,1,LOCAL_SOURCE_PRESENT,MORRISON_bulk,21070,21050,True
MORRISON_067,bulk RNA-seq,NOT_MEASURED,37,1,1,LOCAL_SOURCE_PRESENT,MORRISON_bulk,21070,21050,True
MORRISON_gide,bulk RNA-seq,NOT_MEASURED,90,1,1,LOCAL_SOURCE_PRESENT,MORRISON_bulk,21070,21050,True
MORRISON_liu,bulk RNA-seq,NOT_MEASURED,121,1,1,LOCAL_SOURCE_PRESENT,MORRISON_bulk,21070,21050,True
MORRISON_va,bulk RNA-seq,NOT_MEASURED,41,1,1,LOCAL_SOURCE_PRESENT,MORRISON_bulk,21070,21050,True
TRIO_US_B07,two-channel microarray,NOT_MEASURED,179,1,1,LOCAL_SOURCE_PRESENT,TRIO_US_B07_array,30229,19098,True
