gsm,sample_gse20181,patient_gse20181,sample_gse5462,patient_gse5462,native_patient_ids_agree,evidence
GSM125123,BSMP_563ba39b6a30845d,10,BSMP_7e47be992822db5b,10,True,SHARED_GSM_SAMPLE_ACCESSION
GSM125124,BSMP_f15dfac4df5cfd26,10,BSMP_9dee4c159b40b818,10,True,SHARED_GSM_SAMPLE_ACCESSION
GSM125125,BSMP_9eec2a115e848347,11,BSMP_0bfdac4f3bf9d079,11,True,SHARED_GSM_SAMPLE_ACCESSION
GSM125126,BSMP_173ee08181c488ad,11,BSMP_169e49b7aaf0351c,11,True,SHARED_GSM_SAMPLE_ACCESSION
GSM125127,BSMP_d0b5d30da8f537f4,12,BSMP_07d16102bbb32424,12,True,SHARED_GSM_SAMPLE_ACCESSION
GSM125128,BSMP_bc32a218c429e709,12,BSMP_cd2c4edf8a1e30b6,12,True,SHARED_GSM_SAMPLE_ACCESSION
GSM125129,BSMP_514c20b3d0291239,13,BSMP_aecc2bc5cad82bae,13,True,SHARED_GSM_SAMPLE_ACCESSION
GSM125130,BSMP_a6f904fe832ebc0e,13,BSMP_048e9a46cd5658a4,13,True,SHARED_GSM_SAMPLE_ACCESSION
GSM125131,BSMP_73d92bd11e8bb552,14,BSMP_41c0a7c8fe021553,14,True,SHARED_GSM_SAMPLE_ACCESSION
GSM125132,BSMP_4345b13907e0cb51,14,BSMP_42a49bc60b9a5c64,14,True,SHARED_GSM_SAMPLE_ACCESSION
GSM125133,BSMP_2ce9a6be827d3630,15,BSMP_4cf9794fda0d6e71,15,True,SHARED_GSM_SAMPLE_ACCESSION
GSM125134,BSMP_a932a52fc2114678,15,BSMP_b17124a6e9847fe9,15,True,SHARED_GSM_SAMPLE_ACCESSION
GSM125135,BSMP_f53770f8c2a01e40,16,BSMP_7d274dcb54b1d879,16,True,SHARED_GSM_SAMPLE_ACCESSION
GSM125136,BSMP_80e49e99ffe388ae,16,BSMP_211190c32e43e924,16,True,SHARED_GSM_SAMPLE_ACCESSION
GSM125137,BSMP_15b1fc2c797153fa,17,BSMP_3197c2b8bf57f92d,17,True,SHARED_GSM_SAMPLE_ACCESSION
GSM125138,BSMP_c069569ff9b23a92,17,BSMP_0fac5ed3cc73b868,17,True,SHARED_GSM_SAMPLE_ACCESSION
GSM125139,BSMP_4491629586b55c1c,18,BSMP_a042870adfe9a4f0,18,True,SHARED_GSM_SAMPLE_ACCESSION
GSM125140,BSMP_aa96029c910380b2,18,BSMP_f343a058bbd4d48b,18,True,SHARED_GSM_SAMPLE_ACCESSION
GSM125141,BSMP_2301362930a9d322,19,BSMP_076afb89f1b6f26c,19,True,SHARED_GSM_SAMPLE_ACCESSION
GSM125142,BSMP_e9a6bd658867fd82,19,BSMP_758a0e9de2b4f607,19,True,SHARED_GSM_SAMPLE_ACCESSION
GSM125143,BSMP_91839e27f4a98def,20,BSMP_ab210d0da4844269,20,True,SHARED_GSM_SAMPLE_ACCESSION
GSM125144,BSMP_728b38a32fb20e41,20,BSMP_914517575389f704,20,True,SHARED_GSM_SAMPLE_ACCESSION
GSM125145,BSMP_8efc5fd2da4b561e,21,BSMP_9b662422223d5ab3,21,True,SHARED_GSM_SAMPLE_ACCESSION
GSM125146,BSMP_6238fc9cdd415032,21,BSMP_ab66f4af6207f56f,21,True,SHARED_GSM_SAMPLE_ACCESSION
GSM125147,BSMP_66d2e5016a69a151,22,BSMP_c9f2033f1f4a29e3,22,True,SHARED_GSM_SAMPLE_ACCESSION
GSM125148,BSMP_ffeac737efc02d03,22,BSMP_976247c7540094e8,22,True,SHARED_GSM_SAMPLE_ACCESSION
GSM125149,BSMP_0e54290d7b1e7736,23,BSMP_6639104ea75b67e1,23,True,SHARED_GSM_SAMPLE_ACCESSION
GSM125150,BSMP_d9ae25ffbe75cc88,23,BSMP_556e7d36ceb657d0,23,True,SHARED_GSM_SAMPLE_ACCESSION
GSM125151,BSMP_8eafbc277a8a5302,24,BSMP_a7958f4efb73d487,24,True,SHARED_GSM_SAMPLE_ACCESSION
GSM125152,BSMP_60451461bbe73680,24,BSMP_30e9f05f64400de9,24,True,SHARED_GSM_SAMPLE_ACCESSION
GSM125153,BSMP_9d8beabf25259f8c,25,BSMP_f20df0decf53222c,25,True,SHARED_GSM_SAMPLE_ACCESSION
GSM125154,BSMP_f5e79ef6a2b2192f,25,BSMP_17602a00f6144a1b,25,True,SHARED_GSM_SAMPLE_ACCESSION
GSM125155,BSMP_89e92a7f79748608,27,BSMP_080af7e4ca566c34,27,True,SHARED_GSM_SAMPLE_ACCESSION
GSM125156,BSMP_067af91f0a906125,27,BSMP_887262530c2f65e2,27,True,SHARED_GSM_SAMPLE_ACCESSION
GSM125157,BSMP_493afb13275b28c9,28,BSMP_f7dcbf91157f342e,28,True,SHARED_GSM_SAMPLE_ACCESSION
GSM125158,BSMP_ecbeef9c6df7cd9f,28,BSMP_1113b9b27190613b,28,True,SHARED_GSM_SAMPLE_ACCESSION
GSM125159,BSMP_f85c208066fd828c,29,BSMP_f6729e7891f3c288,29,True,SHARED_GSM_SAMPLE_ACCESSION
GSM125160,BSMP_3e0a77397e5dd929,29,BSMP_f778ca18fd73005d,29,True,SHARED_GSM_SAMPLE_ACCESSION
GSM125161,BSMP_9370ae02aefc4c36,2,BSMP_45faa8c5d4592c6a,2,True,SHARED_GSM_SAMPLE_ACCESSION
GSM125162,BSMP_b006b9a2aa559be7,2,BSMP_2d5debb3acb988b3,2,True,SHARED_GSM_SAMPLE_ACCESSION
GSM125163,BSMP_11065c8323fa9efc,30,BSMP_4221c298e5910de9,30,True,SHARED_GSM_SAMPLE_ACCESSION
GSM125164,BSMP_259a82ff7de99b7a,30,BSMP_3c9c29d2aa6bb1b1,30,True,SHARED_GSM_SAMPLE_ACCESSION
GSM125165,BSMP_34830b807dc882a6,31,BSMP_45efb8d99d9c903d,31,True,SHARED_GSM_SAMPLE_ACCESSION
GSM125166,BSMP_d3469e6dd82df63f,31,BSMP_d53543f4e7ee9df6,31,True,SHARED_GSM_SAMPLE_ACCESSION
GSM125167,BSMP_2946f3d9d3b96eef,33,BSMP_19038662fce583a7,33,True,SHARED_GSM_SAMPLE_ACCESSION
GSM125168,BSMP_1477c7ca837cc00c,33,BSMP_2b95f7b0fc4b4586,33,True,SHARED_GSM_SAMPLE_ACCESSION
GSM125169,BSMP_bcb572a08d92474a,34,BSMP_f6419bf61b3a55ee,34,True,SHARED_GSM_SAMPLE_ACCESSION
GSM125170,BSMP_dde2a45ff13b9ac0,34,BSMP_1b0d4d615437efc4,34,True,SHARED_GSM_SAMPLE_ACCESSION
GSM125171,BSMP_563158d79ff04f50,35,BSMP_a249f03e708f917e,35,True,SHARED_GSM_SAMPLE_ACCESSION
GSM125172,BSMP_b0d5d593ca3b744c,35,BSMP_11c7b52b3795ae0f,35,True,SHARED_GSM_SAMPLE_ACCESSION
GSM125173,BSMP_9732fab728e46c60,36,BSMP_3e00180db29530c0,36,True,SHARED_GSM_SAMPLE_ACCESSION
GSM125174,BSMP_66f6eba8585bdb81,36,BSMP_4be5bc03411d9733,36,True,SHARED_GSM_SAMPLE_ACCESSION
GSM125175,BSMP_e3c62daee5265109,37,BSMP_d2d06918c1e0851e,37,True,SHARED_GSM_SAMPLE_ACCESSION
GSM125176,BSMP_0cedae0d565b8590,37,BSMP_a7959283655b4b6d,37,True,SHARED_GSM_SAMPLE_ACCESSION
GSM125177,BSMP_2849c3c71661122a,38,BSMP_e7431130c696e126,38,True,SHARED_GSM_SAMPLE_ACCESSION
GSM125178,BSMP_2d766c43efc812ce,38,BSMP_7a2dd198ca7ca6bc,38,True,SHARED_GSM_SAMPLE_ACCESSION
GSM125179,BSMP_7432e113004e81f5,39,BSMP_ebfd709f5e56c088,39,True,SHARED_GSM_SAMPLE_ACCESSION
GSM125180,BSMP_14cf0e018494ed2e,39,BSMP_31e6fb910a63e430,39,True,SHARED_GSM_SAMPLE_ACCESSION
GSM125181,BSMP_09cfecc673287ff3,40,BSMP_245bfabfea319f2b,40,True,SHARED_GSM_SAMPLE_ACCESSION
GSM125182,BSMP_6dc08373287372e8,40,BSMP_48809a4a009ecf01,40,True,SHARED_GSM_SAMPLE_ACCESSION
GSM125183,BSMP_951f7b83898db6db,41,BSMP_2d0c4d95b4a7ddca,41,True,SHARED_GSM_SAMPLE_ACCESSION
GSM125184,BSMP_2cfe3bbdf2367f9d,41,BSMP_3debf81ebc25522d,41,True,SHARED_GSM_SAMPLE_ACCESSION
GSM125185,BSMP_02f8a072cc2c4bd3,42,BSMP_d5dd76ff82aa1531,42,True,SHARED_GSM_SAMPLE_ACCESSION
GSM125186,BSMP_3f58cc24422df478,42,BSMP_33a634815481a44a,42,True,SHARED_GSM_SAMPLE_ACCESSION
GSM125187,BSMP_dfd487071c36e5c9,44,BSMP_73aac6d76d444f2a,44,True,SHARED_GSM_SAMPLE_ACCESSION
GSM125188,BSMP_9886e8e5e7908294,44,BSMP_b797ff180166c423,44,True,SHARED_GSM_SAMPLE_ACCESSION
GSM125189,BSMP_d65dd37611286a57,45,BSMP_2577961b6bc5b396,45,True,SHARED_GSM_SAMPLE_ACCESSION
GSM125190,BSMP_333e47a2ba3d3a7c,45,BSMP_9da3fb8e6348bf23,45,True,SHARED_GSM_SAMPLE_ACCESSION
GSM125191,BSMP_6b9fd57bb70547ab,46,BSMP_884694cac8d4d6b3,46,True,SHARED_GSM_SAMPLE_ACCESSION
GSM125192,BSMP_67c1f2e74d135e16,46,BSMP_a150fe13f6909ffa,46,True,SHARED_GSM_SAMPLE_ACCESSION
GSM125193,BSMP_da6be98588a8d016,47,BSMP_c317a9f42feb974c,47,True,SHARED_GSM_SAMPLE_ACCESSION
GSM125194,BSMP_23c59d48baf10c05,47,BSMP_add8ff370c6f90fe,47,True,SHARED_GSM_SAMPLE_ACCESSION
GSM125195,BSMP_e273894c1f63376a,48,BSMP_ae256cb66f8a0bc7,48,True,SHARED_GSM_SAMPLE_ACCESSION
GSM125196,BSMP_b2e314286b719b67,48,BSMP_79da3aa4d8051a1a,48,True,SHARED_GSM_SAMPLE_ACCESSION
GSM125197,BSMP_543da3e92cd4b89e,49,BSMP_2d46b04093fe20c7,49,True,SHARED_GSM_SAMPLE_ACCESSION
GSM125198,BSMP_092f85851c33a61f,49,BSMP_fdaabcd9727cd998,49,True,SHARED_GSM_SAMPLE_ACCESSION
GSM125199,BSMP_162b18f1d10a739b,4,BSMP_368fea0d0b664a09,4,True,SHARED_GSM_SAMPLE_ACCESSION
GSM125200,BSMP_fa0825af0d02d51c,4,BSMP_3b843233d0df0be1,4,True,SHARED_GSM_SAMPLE_ACCESSION
GSM125201,BSMP_575d9159b771a173,50,BSMP_80b48053ffcf1d26,50,True,SHARED_GSM_SAMPLE_ACCESSION
GSM125202,BSMP_eb34bac44cd414e5,50,BSMP_3efc818ccb8c78ee,50,True,SHARED_GSM_SAMPLE_ACCESSION
GSM125203,BSMP_5ccc14a53f291de5,51,BSMP_de03d7f8d91fc162,51,True,SHARED_GSM_SAMPLE_ACCESSION
GSM125204,BSMP_c9053af20b8a8956,51,BSMP_b4fe8f79c2a8df56,51,True,SHARED_GSM_SAMPLE_ACCESSION
GSM125205,BSMP_12fcdaeabce2af19,52,BSMP_5a6a3a4aaa26f56f,52,True,SHARED_GSM_SAMPLE_ACCESSION
GSM125206,BSMP_7b0c84c441c343c5,52,BSMP_c530dc79b54ee14f,52,True,SHARED_GSM_SAMPLE_ACCESSION
GSM125207,BSMP_1b2ffd58c81cbd64,53,BSMP_01d1ff5ee4f204e0,53,True,SHARED_GSM_SAMPLE_ACCESSION
GSM125208,BSMP_0a7478fd13776764,53,BSMP_d210d46690d842c5,53,True,SHARED_GSM_SAMPLE_ACCESSION
GSM125209,BSMP_26cbc0c2f2d12297,55,BSMP_8a12b62853379d6a,55,True,SHARED_GSM_SAMPLE_ACCESSION
GSM125210,BSMP_db5f803e17678710,55,BSMP_9f758c7750908fb0,55,True,SHARED_GSM_SAMPLE_ACCESSION
GSM125211,BSMP_a5c4c753f6cbd271,56,BSMP_902f281b2b901b39,56,True,SHARED_GSM_SAMPLE_ACCESSION
GSM125212,BSMP_f75dbf7896437a14,56,BSMP_c8d9f472d507ec54,56,True,SHARED_GSM_SAMPLE_ACCESSION
GSM125213,BSMP_e563b6d8b4f90c2c,57,BSMP_e218da0876b24528,57,True,SHARED_GSM_SAMPLE_ACCESSION
GSM125214,BSMP_dd28e247c367b3e7,57,BSMP_05a2ca2899967b4f,57,True,SHARED_GSM_SAMPLE_ACCESSION
GSM125215,BSMP_a71b42a1e6243e96,58,BSMP_e07527e2abf12b89,58,True,SHARED_GSM_SAMPLE_ACCESSION
GSM125216,BSMP_741a57db231d3d3b,58,BSMP_128064414bbb982e,58,True,SHARED_GSM_SAMPLE_ACCESSION
GSM125217,BSMP_fc5d63d797b9c07f,59,BSMP_7ca1124924ac246f,59,True,SHARED_GSM_SAMPLE_ACCESSION
GSM125218,BSMP_b208e18dd6eeee38,59,BSMP_c4b1af98b7d433b5,59,True,SHARED_GSM_SAMPLE_ACCESSION
GSM125219,BSMP_9edd5316471cde92,5,BSMP_c1686eee27203b55,5,True,SHARED_GSM_SAMPLE_ACCESSION
GSM125220,BSMP_86a2904488e42547,5,BSMP_7f3c86988bd3ca28,5,True,SHARED_GSM_SAMPLE_ACCESSION
GSM125221,BSMP_dc6d9d8475a999ed,60,BSMP_ad4680daa280642e,60,True,SHARED_GSM_SAMPLE_ACCESSION
GSM125222,BSMP_6c4334e9a85d5c68,60,BSMP_2309a10ec4ab24eb,60,True,SHARED_GSM_SAMPLE_ACCESSION
GSM125223,BSMP_ab6dd00e707e1f97,63,BSMP_1aa35594a05676d4,63,True,SHARED_GSM_SAMPLE_ACCESSION
GSM125224,BSMP_86c2e3c9502e4352,63,BSMP_ad8526d62f46ed51,63,True,SHARED_GSM_SAMPLE_ACCESSION
GSM125225,BSMP_86999a14c7d42598,64,BSMP_f183c80daaa754c4,64,True,SHARED_GSM_SAMPLE_ACCESSION
GSM125226,BSMP_ceb7023d05ff4595,64,BSMP_20b5840aecdd73fa,64,True,SHARED_GSM_SAMPLE_ACCESSION
GSM125227,BSMP_03b9a9448f707f60,65,BSMP_0e9c906b28ff1a6c,65,True,SHARED_GSM_SAMPLE_ACCESSION
GSM125228,BSMP_4a4437c6311fca4d,65,BSMP_b8be6b1fa2e0b350,65,True,SHARED_GSM_SAMPLE_ACCESSION
GSM125229,BSMP_88d9621764f36fc5,68,BSMP_066835a6b9c4ea54,68,True,SHARED_GSM_SAMPLE_ACCESSION
GSM125230,BSMP_15e8f530a0175312,68,BSMP_1e850b45c38bf8f4,68,True,SHARED_GSM_SAMPLE_ACCESSION
GSM125231,BSMP_be08327a0b73900f,69,BSMP_c2e0c93fad1c9adc,69,True,SHARED_GSM_SAMPLE_ACCESSION
GSM125232,BSMP_a0160e4ee385bf36,69,BSMP_935bad0eda9e3fd4,69,True,SHARED_GSM_SAMPLE_ACCESSION
GSM125233,BSMP_e4114bacfc9d7e22,7,BSMP_ff3a9fc9e980affe,7,True,SHARED_GSM_SAMPLE_ACCESSION
GSM125234,BSMP_52212c0b1c68bd87,7,BSMP_b4817594c64bc977,7,True,SHARED_GSM_SAMPLE_ACCESSION
GSM125235,BSMP_4f786ac6b6216b5b,8,BSMP_ee33296e3156e21c,8,True,SHARED_GSM_SAMPLE_ACCESSION
GSM125236,BSMP_a1fee3e2a50c4cb7,8,BSMP_0e208ee7281533ef,8,True,SHARED_GSM_SAMPLE_ACCESSION
GSM125237,BSMP_769e3eaff2ad6ab1,9,BSMP_32cab3ce1093f373,9,True,SHARED_GSM_SAMPLE_ACCESSION
GSM125238,BSMP_627804b8cfeff619,9,BSMP_43f54c306488590d,9,True,SHARED_GSM_SAMPLE_ACCESSION
GSM506267,BSMP_c00c188bd8594de8,2,,,NOT_COMPARABLE,GSM_PRESENT_ONLY_IN_GSE20181
GSM506268,BSMP_cba75fecbb0b4dc4,3,,,NOT_COMPARABLE,GSM_PRESENT_ONLY_IN_GSE20181
GSM506269,BSMP_90801cc52c13d954,4,,,NOT_COMPARABLE,GSM_PRESENT_ONLY_IN_GSE20181
GSM506270,BSMP_af18faaf279da6d2,5,,,NOT_COMPARABLE,GSM_PRESENT_ONLY_IN_GSE20181
GSM506271,BSMP_9a7fbc6064fd0e55,6,,,NOT_COMPARABLE,GSM_PRESENT_ONLY_IN_GSE20181
GSM506272,BSMP_497ebf972951d2fc,29,,,NOT_COMPARABLE,GSM_PRESENT_ONLY_IN_GSE20181
GSM506273,BSMP_895024f3c6d5c9ff,30,,,NOT_COMPARABLE,GSM_PRESENT_ONLY_IN_GSE20181
GSM506274,BSMP_f0eb592e7ff69b32,31,,,NOT_COMPARABLE,GSM_PRESENT_ONLY_IN_GSE20181
GSM506275,BSMP_952cf71ab2640bb0,33,,,NOT_COMPARABLE,GSM_PRESENT_ONLY_IN_GSE20181
GSM506276,BSMP_e6539e31762fb02b,34,,,NOT_COMPARABLE,GSM_PRESENT_ONLY_IN_GSE20181
GSM506277,BSMP_0a0b873da89d7682,35,,,NOT_COMPARABLE,GSM_PRESENT_ONLY_IN_GSE20181
GSM506278,BSMP_194ddafa494fd0f5,36,,,NOT_COMPARABLE,GSM_PRESENT_ONLY_IN_GSE20181
GSM506279,BSMP_11f5c6b59b7bf424,37,,,NOT_COMPARABLE,GSM_PRESENT_ONLY_IN_GSE20181
GSM506280,BSMP_7abe67a863edba70,39,,,NOT_COMPARABLE,GSM_PRESENT_ONLY_IN_GSE20181
GSM506281,BSMP_8b9def25b2877fff,40,,,NOT_COMPARABLE,GSM_PRESENT_ONLY_IN_GSE20181
GSM506282,BSMP_148b0c67afee12e4,41,,,NOT_COMPARABLE,GSM_PRESENT_ONLY_IN_GSE20181
GSM506283,BSMP_3d057905360995c6,42,,,NOT_COMPARABLE,GSM_PRESENT_ONLY_IN_GSE20181
GSM506284,BSMP_72ce2ece32d7085a,43,,,NOT_COMPARABLE,GSM_PRESENT_ONLY_IN_GSE20181
GSM506285,BSMP_127a424e6c95dabc,44,,,NOT_COMPARABLE,GSM_PRESENT_ONLY_IN_GSE20181
GSM506286,BSMP_99be6304d5effadb,45,,,NOT_COMPARABLE,GSM_PRESENT_ONLY_IN_GSE20181
GSM506287,BSMP_16c4da29d8d7456d,46,,,NOT_COMPARABLE,GSM_PRESENT_ONLY_IN_GSE20181
GSM506288,BSMP_61e5360d4a50821a,47,,,NOT_COMPARABLE,GSM_PRESENT_ONLY_IN_GSE20181
GSM506289,BSMP_34c05cb54d1dfe1e,49,,,NOT_COMPARABLE,GSM_PRESENT_ONLY_IN_GSE20181
GSM506290,BSMP_dd15b00a4c8dbe3b,50,,,NOT_COMPARABLE,GSM_PRESENT_ONLY_IN_GSE20181
GSM506291,BSMP_854ede0231189178,51,,,NOT_COMPARABLE,GSM_PRESENT_ONLY_IN_GSE20181
GSM506292,BSMP_a49f0cc1c6316302,52,,,NOT_COMPARABLE,GSM_PRESENT_ONLY_IN_GSE20181
GSM506293,BSMP_535dea9477a9aa5a,53,,,NOT_COMPARABLE,GSM_PRESENT_ONLY_IN_GSE20181
GSM506294,BSMP_5759547a2ed2b6c5,55,,,NOT_COMPARABLE,GSM_PRESENT_ONLY_IN_GSE20181
GSM506295,BSMP_e18a01b0a6006af6,56,,,NOT_COMPARABLE,GSM_PRESENT_ONLY_IN_GSE20181
GSM506296,BSMP_54736e8be480e2e6,57,,,NOT_COMPARABLE,GSM_PRESENT_ONLY_IN_GSE20181
GSM506297,BSMP_689b9801ba36a12b,58,,,NOT_COMPARABLE,GSM_PRESENT_ONLY_IN_GSE20181
GSM506298,BSMP_7ade012b78167631,59,,,NOT_COMPARABLE,GSM_PRESENT_ONLY_IN_GSE20181
GSM506299,BSMP_cf50cb9a70ce5a95,60,,,NOT_COMPARABLE,GSM_PRESENT_ONLY_IN_GSE20181
GSM506300,BSMP_b334494e265360e7,63,,,NOT_COMPARABLE,GSM_PRESENT_ONLY_IN_GSE20181
GSM506301,BSMP_ee0297d80f620204,64,,,NOT_COMPARABLE,GSM_PRESENT_ONLY_IN_GSE20181
GSM506302,BSMP_c51a09ba841ef4c3,65,,,NOT_COMPARABLE,GSM_PRESENT_ONLY_IN_GSE20181
GSM506303,BSMP_93d6fca2c0ac83e8,67,,,NOT_COMPARABLE,GSM_PRESENT_ONLY_IN_GSE20181
GSM506304,BSMP_868c205dcf6a7de1,68,,,NOT_COMPARABLE,GSM_PRESENT_ONLY_IN_GSE20181
GSM506305,BSMP_15fc3ef800f230aa,69,,,NOT_COMPARABLE,GSM_PRESENT_ONLY_IN_GSE20181
GSM506306,BSMP_55f08e523eda0028,11,,,NOT_COMPARABLE,GSM_PRESENT_ONLY_IN_GSE20181
GSM506307,BSMP_53138ef604bbd6fb,13,,,NOT_COMPARABLE,GSM_PRESENT_ONLY_IN_GSE20181
GSM506308,BSMP_85b4c2405e79c645,14,,,NOT_COMPARABLE,GSM_PRESENT_ONLY_IN_GSE20181
GSM506309,BSMP_31402d9d35585f16,21,,,NOT_COMPARABLE,GSM_PRESENT_ONLY_IN_GSE20181
GSM506310,BSMP_a0972b1f88a9a291,23,,,NOT_COMPARABLE,GSM_PRESENT_ONLY_IN_GSE20181
GSM506311,BSMP_315cf2fcc1dd586f,8,,,NOT_COMPARABLE,GSM_PRESENT_ONLY_IN_GSE20181
GSM506312,BSMP_777b316d0b0532cf,10,,,NOT_COMPARABLE,GSM_PRESENT_ONLY_IN_GSE20181
GSM506313,BSMP_09f24a2f5ec32bb9,17,,,NOT_COMPARABLE,GSM_PRESENT_ONLY_IN_GSE20181
GSM506314,BSMP_698b561376c9a99b,18,,,NOT_COMPARABLE,GSM_PRESENT_ONLY_IN_GSE20181
GSM506315,BSMP_254483af12a3a440,19,,,NOT_COMPARABLE,GSM_PRESENT_ONLY_IN_GSE20181
GSM506316,BSMP_bc0c217e68bd4997,7,,,NOT_COMPARABLE,GSM_PRESENT_ONLY_IN_GSE20181
GSM506317,BSMP_569742cc029535fe,12,,,NOT_COMPARABLE,GSM_PRESENT_ONLY_IN_GSE20181
GSM506318,BSMP_2963a052f0a57f19,15,,,NOT_COMPARABLE,GSM_PRESENT_ONLY_IN_GSE20181
GSM506319,BSMP_356e693731ea3ad7,16,,,NOT_COMPARABLE,GSM_PRESENT_ONLY_IN_GSE20181
GSM506320,BSMP_98b03ea8ef52c1b6,20,,,NOT_COMPARABLE,GSM_PRESENT_ONLY_IN_GSE20181
GSM506321,BSMP_5900589ee4b86530,22,,,NOT_COMPARABLE,GSM_PRESENT_ONLY_IN_GSE20181
GSM506322,BSMP_7a23c72df43c591e,25,,,NOT_COMPARABLE,GSM_PRESENT_ONLY_IN_GSE20181
GSM506323,BSMP_ee5dbf1e2525b01c,24,,,NOT_COMPARABLE,GSM_PRESENT_ONLY_IN_GSE20181
GSM506324,BSMP_c1cc76f009d8c347,27,,,NOT_COMPARABLE,GSM_PRESENT_ONLY_IN_GSE20181
GSM506325,BSMP_9eb4c0a509a4cd4f,28,,,NOT_COMPARABLE,GSM_PRESENT_ONLY_IN_GSE20181
GSM506326,BSMP_a3f54ca03fdc81ce,9,,,NOT_COMPARABLE,GSM_PRESENT_ONLY_IN_GSE20181
